,click
kmc1307.221741823916,6867
dhksrl0508.221699961868,1256
kmc1307.221811255213,1128
makermanhyeon.221876861551,816
chandong83.221212429360,774
makermanhyeon.221978311498,704
chandong83.221142454441,464
chandong83.221309861855,389
chandong83.220920789808,371
dhksrl0508.221775374205,368
chandong83.221156273595,340
chandong83.221084688966,334
makermanhyeon.221847700217,306
makermanhyeon.222008260432,264
magic061210.221800753508,262
chandong83.221451714944,246
kmc1307.221743420477,222
kmc1307.221404998384,211
chandong83.220957422599,201
4se3ky.221673076254,195
smartinfo.221726941110,177
pysoft.221936763938,168
chandong83.220994114486,166
smartinfo.221721042371,152
4se3ky.221684637489,135
chandong83.221063917120,131
chandong83.221155355360,124
mapes_khkim.221901995675,119
4se3ky.221673113716,115
search.naver.com.search.naver?where=nexearch&sm=top_hty&fbm=1&ie=utf8&query=%EC%98%A4%EB%8A%98%EB%89%B4%EC%8A%A4,114
chandong83.220884334210,114
chandong83.220875881378,112
4se3ky.221684692704,108
newdname.221801087607,106
mapes_khkim.221928288787,105
chandong83.221603593417,98
mapes_khkim.221944274414,96
chandong83.221156763486,96
dhksrl0508.221737519096,96
4se3ky.221673118009,93
chandong83.221602405432,88
4se3ky.221659554350,87
4se3ky.221673008249,80
makermanhyeon.221958041901,79
chandong83.221075948072,71
mapes_khkim.221896612902,70
yoyo990806.221790749614,65
dhksrl0508.221706363671,64
kmc1307.221860457669,60
smartinfo.221724782175,57
mapes_khkim.221889797236,53
smartinfo.221743945734,47
yoyo990806.221795010038,44
04boli.221757946899,41
newdname.221663239754,41
mapes_khkim.221875249837,40
kimgooni.222300428032,39
pysoft.221966073359,38
dhksrl0508.221709712597,38
daegumsoli.221880452774,37
4se3ky.221654456863,37
mapes_khkim.221863957574,37
chandong83.220950787574,36
kyu7239.221708926307,34
4se3ky.221659510232,33
makermanhyeon.221873212797,32
kyu7239.221708041331,32
chandong83.220858569356,30
4se3ky.221663283661,29
mapes_khkim.221887738260,28
hn04075.221822159212,27
smartinfo.221703639187,27
hyeng1117.221624398498,26
dhksrl0508.221702972543,26
pysoft.221803979462,25
pysoft.221589437481,24
daegumsoli.221918766242,23
chandong83.220950752007,23
pysoft.221601109213,23
m.blog.naver.com.,21
hubert777.221597887688,21
mapes_khkim.221871335784,20
04boli.221470333063,19
mapes_khkim.221898098586,19
mapes_khkim.221921569911,18
mapes_khkim.221913835124,18
m.blog.naver.com.dhksrl0508,17
smartinfo.221723826981,16
0213ertmk.222089184531,15
chandong83.221691325816,15
dodzktjs.222223761254,14
brahmandira94.221727193942,14
smartinfo.221723209759,14
mapes_khkim.221985165345,14
dodzktjs.222228325919,14
04boli.221757913035,13
mapes_khkim.221901956723,12
makermanhyeon.221852570477,12
chandong83.220838727978,12
mapes_khkim.221912441573,12
mapes_khkim.221935155080,11
dhksrl0508.221712299130,11
kmc1307.221718333626,10
mapes_khkim.221894846590,10
dhksrl0508.221723269271,10
mapes_khkim.221985209490,9
pysoft.221805377922,9
mapes_khkim.221893783364,9
mapes_khkim.221898379359,9
mapes_khkim.221894716806,9
blog.naver.com.,9
mapes_khkim.221899887945,9
mapes_khkim.221931272203,8
smartinfo.221724631914,8
chandong83.221702852982,8
hn04075.221749487795,8
mandlenam.222281774588,8
yoyo990806.222111446372,8
mapes_khkim.221905093072,8
aul-_-.222113401384,8
kyu7239.221708073427,7
daegumsoli.221965065864,7
pysoft.221621139148,7
aul-_-.222101174646,7
dhksrl0508.221707954057,7
dhksrl0508.221715767794,7
04boli.221795985604,6
mapes_khkim.221889001132,6
pysoft.221643741561,5
sms781218.222158760971,5
kmc1307.221347304953,4
04boli.221807559772,4
aul-_-.222093940160,4
pysoft.221578753496,4
dodzktjs.222225009721,4
kyu7239.221708017105,4
yoyo990806.221809788944,4
mapes_khkim.221938899927,3
04boli.221730097114,3
pysoft.221608960239,3
pysoft.221614449753,3
sunnyfull7575.221798453183,3
kyu7239.221703858477,3
pysoft.221578749351,3
sunnyfull7575.221733623593,3
pysoft.221849177643,3
dhksrl0508.222328267973,2
dhksrl0508.222386419009,2
mapes_khkim.221938894006,2
sunnyfull7575.221633693711,2
04boli.221490617696,2
4se3ky.221738211456,2
pysoft.221951074028,2
dhksrl0508.221708065828,2
mechanicblock.221749789612,2
mandlenam.222281796245,2
dhksrl0508.221708033733,2
dodzktjs.222434499241,2
dhksrl0508.221699961868?fbclid=IwAR1WFRtAfrws9hU7jdyZDGmGTUGVf_chn41AqWvap8Cvlm89gdC4_37huAU,2
sunnyfull7575.221806398642,2
mechanicblock.221750506883,1
ehd7304.221850939962,1
mapes_khkim.221896359617,1
sunnyfull7575.221794648422,1
mapes_khkim.221894779689,1
sunnyfull7575.221739985560,1
pysoft.221602641788,1
mapes_khkim.221890832646,1
mechanicblock.221764702456,1
pysoft.221970401696,1
bluelife77.221679629379,1
mapes_khkim.221944304161,1
withlearn.221930226776,1
sunnyfull7575.221733637055,1
dodzktjs.222221090212,1
